patient_id,clinical_response,cdr3_aa,auc,peak_frequency,peak_timepoint,wk12_frequency,persistence_ratio
PT-001,CR,CDWVSYQFTKRRF,39.589919,5.016288,Wk4,3.665326,0.7307
PT-001,CR,CMGDVHRMPPGLMF,7.456171,0.970386,Wk4,0.537258,0.5537
PT-001,CR,CYSAQCWFMKLMYEF,1.182988,0.127694,Wk12,0.127694,1.0
PT-001,CR,CLICPRQLPLMVNKLF,1.080902,0.138414,Wk12,0.138414,1.0
PT-001,CR,CETHNLRSMQAPQSIQVF,0.532706,0.057895,Wk8,0.052257,0.9026
PT-001,CR,CVIYIPQNADGMSHIGF,0.102681,0.011601,Wk12,0.011601,1.0
PT-001,CR,CINEITGPPDMNGIVF,0.053178,0.005834,Wk8,0.004431,0.7595
PT-001,CR,CWMWNDKGQWESRWEWIF,0.036561,0.004051,Wk8,0.002914,0.7193
PT-001,CR,CEWFQHPQDVWDRIAF,0.034842,0.004153,Wk12,0.004153,1.0
PT-001,CR,CLGIVHPSSGGAHPVVF,0.020674,0.002295,Wk4,0.002091,0.9111
PT-001,CR,CTFFEPFKRYCSKF,0.022042,0.002465,Wk4,0.001779,0.7214
PT-001,CR,CNWDLLAMRNGATFHHLF,0.025365,0.002895,Wk12,0.002895,1.0
PT-001,CR,CAYGTQPDYSAILF,0.033041,0.003487,Wk8,0.003186,0.9138
PT-001,CR,CMYQMNPTSAIFMNSF,0.024179,0.002532,Wk4,0.002341,0.9246
PT-001,CR,CEDHTTKCHSMSKKF,0.024096,0.002975,Wk4,0.001915,0.6437
PT-001,CR,CRPEDYWYTKHDVVATIF,0.014012,0.001476,Wk8,0.001255,0.8504
PT-001,CR,CLLVYFKPKWPDAIMRF,0.015997,0.001878,Wk8,0.001499,0.7983
PT-001,CR,CNVCFPTYDHHFF,0.016379,0.002182,Wk12,0.002182,1.0
PT-001,CR,CIQFDCVRYPELFKF,0.012194,0.001425,Wk8,0.001276,0.8959
PT-001,CR,CWRQCEGVMCTWNYCQF,0.010703,0.001231,Wk8,0.000972,0.7898
PT-002,CR,CGETAKFIEEHNF,21.453528,2.804619,Wk12,2.804619,1.0
PT-002,CR,CCVSRPDDMYIDWEDKAF,5.546201,0.6435,Wk12,0.6435,1.0
PT-002,CR,CNTLAAETAPMMFGHDF,1.043621,0.118377,Wk12,0.118377,1.0
PT-002,CR,CTFMHPKIAVHQWF,0.655057,0.070725,Wk8,0.069532,0.9831
PT-002,CR,CRLSVACFECDRKRAKQF,0.348792,0.045959,Wk8,0.028514,0.6204
PT-002,CR,CFHCGKYDRDNDNDTGF,0.152617,0.01764,Wk8,0.011598,0.6575
PT-002,CR,CAKHWYGYACFGIYHFF,0.089017,0.010161,Wk8,0.009518,0.9368
PT-002,CR,CMGKYFQNVGKWSF,0.097709,0.013056,Wk4,0.005716,0.4378
PT-002,CR,CTFVDKWSEGKSLF,0.029691,0.003511,Wk4,0.002048,0.5833
PT-002,CR,CMPDIHFLANDCKF,0.042012,0.004642,Wk4,0.003079,0.6633
PT-002,CR,CCLQVRFCGFYNGF,0.029854,0.003802,Wk12,0.003802,1.0
PT-002,CR,CYDFSFMCPICYDRRF,0.021564,0.002567,Wk8,0.001835,0.7148
PT-002,CR,CRGNPEMPGQSF,0.018315,0.001929,Wk12,0.001929,1.0
PT-002,CR,CHLEWLTDSCIF,0.018914,0.002139,Wk8,0.001241,0.5801
PT-002,CR,CNSQNHTNHHGF,0.013341,0.001528,Wk4,0.001073,0.7019
PT-002,CR,CAPCCRPDMAMMQCCF,0.024737,0.002869,Wk8,0.001868,0.6511
PT-002,CR,CYNWKIRCQLDWQAFFNF,0.010673,0.001223,Wk8,0.000804,0.657
PT-002,CR,CAAKSKVNQPDTF,0.02003,0.002439,Wk8,0.001435,0.5884
PT-002,CR,CRFGYCKDRFSHHCF,0.017821,0.002123,Wk12,0.002123,1.0
PT-002,CR,CGGPNDGEMMTCF,0.0182,0.002338,Wk12,0.002338,1.0
PT-003,PR,CATSWRLEDLDF,9.441031,1.233736,Wk4,0.531728,0.431
PT-003,PR,CYIVFYYFTEQNSF,1.564813,0.281855,Wk2,0.031823,0.1129
PT-003,PR,CCDKFSPYFYFFKFF,0.985045,0.172713,Wk2,0.024584,0.1423
PT-003,PR,CCCCPYVLNFNCF,0.925006,0.112141,Wk8,0.04991,0.4451
PT-003,PR,CDTKYFYFHMATTFSF,0.451758,0.062668,Wk4,0.023481,0.3747
PT-003,PR,CHREDKWMWDKKMSWF,0.148989,0.025917,Wk4,0.005148,0.1986
PT-003,PR,CEEFDHSQFSHLQKYRRF,0.081522,0.009701,Wk4,0.005575,0.5747
PT-003,PR,CNPKSGQVHGMVF,0.109859,0.014493,Wk8,0.003756,0.2592
PT-003,PR,CCKQYDVSWVYQCFSF,0.044779,0.005745,Wk2,0.001889,0.3288
PT-003,PR,CAWLRVQKFPHDNF,0.036328,0.004895,Wk2,0.002029,0.4144
PT-003,PR,CHWEKNAWWFHIREF,0.038822,0.00711,Wk4,0.000731,0.1028
PT-003,PR,CEPIKMFDCVGQPLF,0.048529,0.005794,Wk8,0.001801,0.3109
PT-003,PR,CDNNHNAYIKPYNQF,0.029076,0.005587,Wk2,0.000889,0.1591
PT-003,PR,CVTENAERNCMWLNRVMF,0.051312,0.006516,Wk8,0.001879,0.2883
PT-003,PR,CERAECWNAHMPYSHTDF,0.041849,0.005151,Wk4,0.001718,0.3336
PT-003,PR,CQLFDDWLKTRDGHF,0.013347,0.002418,Wk2,0.000693,0.2867
PT-003,PR,CQPNANTGGCPMKYVF,0.016712,0.002138,Wk4,0.00082,0.3834
PT-003,PR,CHEFKDGVMTNGF,0.014637,0.001832,Wk4,0.000701,0.3829
PT-003,PR,CWYIMCCRMPMDRFKF,0.019538,0.003532,Wk4,0.000605,0.1713
PT-003,PR,CEYMYDLVLKPF,0.02598,0.002965,Wk4,0.001451,0.4893
PT-004,PR,CFRRLHNRLDRMLPHVF,9.601214,1.815774,Wk4,0.185426,0.1021
PT-004,PR,CIWPELFICCDWIAPQF,2.305017,0.352551,Wk2,0.100765,0.2858
PT-004,PR,CEEPRNAWTFQF,0.608448,0.102064,Wk2,0.020601,0.2018
PT-004,PR,CQVMRSVDKAIPLVAMEF,0.506891,0.069315,Wk8,0.018912,0.2728
PT-004,PR,CQCYINRKCPYAF,0.431199,0.06609,Wk2,0.018346,0.2776
PT-004,PR,CKNIHRRFTDFNNVNF,0.179225,0.022773,Wk4,0.00636,0.2793
PT-004,PR,CGRPLIFLLKWGRPNQF,0.059225,0.010908,Wk4,0.001651,0.1514
PT-004,PR,CPSWNFWNPLHKF,0.068957,0.008184,Wk4,0.004322,0.5281
PT-004,PR,CHKHVPDISGSKLLWLTF,0.023206,0.004136,Wk2,0.000594,0.1436
PT-004,PR,CVMQRWYFHKLIDGF,0.031737,0.005913,Wk4,0.000621,0.1051
PT-004,PR,CIRGVMATSPYWDCRF,0.030119,0.003815,Wk4,0.001413,0.3704
PT-004,PR,CRKNQPFTWPWLGNSNFF,0.012621,0.002374,Wk2,0.000688,0.2896
PT-004,PR,CHRFTELRAFSAF,0.03064,0.003738,Wk4,0.001815,0.4857
PT-004,PR,CVRNWYFIALYMSWLCF,0.010832,0.001908,Wk2,0.000338,0.1772
PT-004,PR,CCSMVDGYNVVF,0.013461,0.001675,Wk4,0.000908,0.5421
PT-004,PR,CMKFIHCTDWCNF,0.024866,0.003051,Wk4,0.001395,0.4573
PT-004,PR,CMFSQWQFRLPSVCDF,0.011905,0.001446,Wk8,0.000326,0.2257
PT-004,PR,CIRVNDYTNSCF,0.021594,0.002607,Wk4,0.000854,0.3274
PT-004,PR,CPWIAIDVASVRTDWSQF,0.009169,0.001352,Wk2,0.000462,0.3418
PT-004,PR,CHIPRPNFNWLFKHCQF,0.022957,0.002948,Wk4,0.001428,0.4844
PT-005,PD,CHKMLADMQWMF,1.940109,0.407903,Wk2,0.011104,0.0272
PT-005,PD,CCLWQFQTEPARF,0.779511,0.171772,Wk2,0.014434,0.084
PT-005,PD,CPPQQDYPNWNIDF,0.841288,0.115336,Wk8,0.013954,0.121
PT-005,PD,CKSVSWCEFYWWMF,0.08579,0.020825,Wk2,0.001526,0.0733
PT-005,PD,CLDYMDHSMYATCWRARF,0.212088,0.054537,Wk2,0.000682,0.0125
PT-005,PD,CQKTKWFLPYSCNLNLTF,0.11133,0.023491,Wk4,0.001006,0.0428
PT-005,PD,CPLDWHLLSGHTVKF,0.071078,0.012389,Wk2,0.000827,0.0667
PT-005,PD,CYRGGERTGLEPGWCAF,0.13925,0.017304,Wk8,0.003132,0.181
PT-005,PD,CRRMMYDGWVEAYKIMF,0.07486,0.010748,Wk2,0.001392,0.1295
PT-005,PD,CVRCQIHESMFHQEEHLF,0.041868,0.009086,Wk2,0.000749,0.0824
PT-005,PD,CMRKHDILTHAFPF,0.062835,0.008177,Wk2,0.001072,0.1311
PT-005,PD,CAYLMRWKDALCTMRQF,0.039854,0.008722,Wk2,0.000536,0.0614
PT-005,PD,CRRRNDIRFMALDEQNF,0.041834,0.005472,Wk2,0.001283,0.2345
PT-005,PD,CEDRSYCSFYYSMF,0.009771,0.002548,Wk2,4.3e-05,0.017
PT-005,PD,CYAVLVVASNCSF,0.009769,0.002097,Wk4,6e-05,0.0286
PT-005,PD,CPLVRSENVPRF,0.01552,0.004044,Wk2,5e-05,0.0123
PT-005,PD,CWIKYDRTEGVF,0.009948,0.002271,Wk2,9.1e-05,0.0401
PT-005,PD,CMYFQMLVFAYIQF,0.026068,0.005819,Wk2,0.000139,0.0238
PT-005,PD,CRTAWDQPHNNVF,0.022061,0.003381,Wk2,0.00056,0.1655
PT-005,PD,CCPMECGKRSRF,0.039814,0.005017,Wk4,0.00096,0.1914
PT-006,PD,CTGDDMHPKHQEKTMRF,2.853973,0.679009,Wk2,0.007387,0.0109
PT-006,PD,CYLYVQVEGHYAF,0.534056,0.131409,Wk2,0.003579,0.0272
PT-006,PD,CHHNNLNHECILSHF,0.563588,0.119209,Wk2,0.005508,0.0462
PT-006,PD,CQTVHIHYAASRGTVSQF,0.342404,0.043764,Wk4,0.009006,0.2058
PT-006,PD,CLQYYRAEMCRQPMGRF,0.20018,0.045465,Wk2,0.001731,0.0381
PT-006,PD,CDKQEWNWWMDF,0.082644,0.018536,Wk4,0.000302,0.0163
PT-006,PD,CVDKIYKPVAIVF,0.118368,0.014804,Wk4,0.002728,0.1843
PT-006,PD,CWLHNIPQDHTF,0.027066,0.007264,Wk2,8.2e-05,0.0112
PT-006,PD,CPSHLNTWYLNSKYMGWF,0.036961,0.008339,Wk4,0.000104,0.0125
PT-006,PD,CHYTICQGVGEPF,0.017824,0.003857,Wk2,0.00019,0.0493
PT-006,PD,CFLWMNYKQDCHAF,0.069237,0.008642,Wk4,0.002373,0.2746
PT-006,PD,CSSSHMIMHSVF,0.01203,0.003073,Wk2,8.9e-05,0.029
PT-006,PD,CNLAWWGDITMLRF,0.03333,0.007354,Wk4,0.000137,0.0187
PT-006,PD,CCHSQTWNVTGHF,0.056423,0.006797,Wk8,0.001882,0.2769
PT-006,PD,CMVFCIRPYYDF,0.039904,0.005519,Wk4,0.000845,0.1531
PT-006,PD,CNFFICSNNVCHYQLHF,0.017603,0.004036,Wk2,0.000203,0.0503
PT-006,PD,CRASQETHQVEEGDF,0.037858,0.004737,Wk8,0.00137,0.2892
PT-006,PD,CITDFYYRRRTAF,0.006848,0.001704,Wk2,4.3e-05,0.0253
PT-006,PD,CKHVMKCADNLSF,0.011242,0.002368,Wk2,0.00013,0.0547
PT-006,PD,CDWDAEPGALVINHWF,0.027271,0.003341,Wk8,0.000529,0.1582
