patient_id,sample_type,clinical_response,rank,clonotype_id,cdr3_aa,v_gene,j_gene,clone_count,clone_fraction
PT-001,Apheresis,CR,1,PT-001_CLN_00001,CDWVSYQFTKRRF,TRBV7-9,TRBJ1-1,8242,0.08688869
PT-001,Apheresis,CR,2,PT-001_CLN_00002,CMGDVHRMPPGLMF,TRBV29-1,TRBJ2-1,3590,0.03784644
PT-001,Apheresis,CR,3,PT-001_CLN_00003,CYSAQCWFMKLMYEF,TRBV29-1,TRBJ2-1,2207,0.0232666
PT-001,Apheresis,CR,4,PT-001_CLN_00004,CLICPRQLPLMVNKLF,TRBV10-3,TRBJ1-2,1568,0.01653015
PT-001,Apheresis,CR,5,PT-001_CLN_00005,CETHNLRSMQAPQSIQVF,TRBV12-4,TRBJ1-6,1200,0.01265062
PT-001,Apheresis,CR,6,PT-001_CLN_00006,CVIYIPQNADGMSHIGF,TRBV6-5,TRBJ2-5,967,0.01019429
PT-001,Apheresis,CR,7,PT-001_CLN_00007,CINEITGPPDMNGIVF,TRBV18,TRBJ1-5,799,0.00842321
PT-001,Apheresis,CR,8,PT-001_CLN_00008,CWMWNDKGQWESRWEWIF,TRBV15,TRBJ2-4,683,0.00720031
PT-001,Apheresis,CR,9,PT-001_CLN_00009,CEWFQHPQDVWDRIAF,TRBV30,TRBJ2-3,590,0.00621989
PT-001,Apheresis,CR,10,PT-001_CLN_00010,CLGIVHPSSGGAHPVVF,TRBV27,TRBJ1-1,522,0.00550302
PT-001,Apheresis,CR,11,PT-001_CLN_00011,CNWDLLAMRNGATFHHLF,TRBV12-3,TRBJ2-5,468,0.00493374
PT-001,Apheresis,CR,12,PT-001_CLN_00012,CTFFEPFKRYCSKF,TRBV27,TRBJ2-5,418,0.00440663
PT-001,Apheresis,CR,13,PT-001_CLN_00013,CAYGTQPDYSAILF,TRBV20-1,TRBJ2-3,381,0.00401657
PT-001,Apheresis,CR,14,PT-001_CLN_00014,CMYQMNPTSAIFMNSF,TRBV9,TRBJ1-6,353,0.00372139
PT-001,Apheresis,CR,15,PT-001_CLN_00015,CEDHTTKCHSMSKKF,TRBV24-1,TRBJ1-2,324,0.00341567
PT-001,Apheresis,CR,16,PT-001_CLN_00016,CVDRMYVGPRKIVF,TRBV30,TRBJ1-4,298,0.00314157
PT-001,Apheresis,CR,17,PT-001_CLN_00017,CRPEDYWYTKHDVVATIF,TRBV9,TRBJ1-4,280,0.00295181
PT-001,Apheresis,CR,18,PT-001_CLN_00018,CNVCFPTYDHHFF,TRBV14,TRBJ2-7,264,0.00278314
PT-001,Apheresis,CR,19,PT-001_CLN_00019,CHAFPNEDHVMINF,TRBV25-1,TRBJ1-2,241,0.00254067
PT-001,Apheresis,CR,20,PT-001_CLN_00020,CLLVYFKPKWPDAIMRF,TRBV7-2,TRBJ1-4,233,0.00245633
PT-001,Product,CR,1,PT-001_CLN_00001,CDWVSYQFTKRRF,TRBV7-9,TRBJ1-1,30790,0.4245901
PT-001,Product,CR,2,PT-001_CLN_00002,CMGDVHRMPPGLMF,TRBV29-1,TRBJ2-1,5447,0.07511342
PT-001,Product,CR,3,PT-001_CLN_00003,CYSAQCWFMKLMYEF,TRBV29-1,TRBJ2-1,1988,0.02741426
PT-001,Product,CR,4,PT-001_CLN_00004,CLICPRQLPLMVNKLF,TRBV10-3,TRBJ1-2,980,0.01351407
PT-001,Product,CR,5,PT-001_CLN_00005,CETHNLRSMQAPQSIQVF,TRBV12-4,TRBJ1-6,565,0.00779128
PT-001,Product,CR,6,PT-001_CLN_00006,CVIYIPQNADGMSHIGF,TRBV6-5,TRBJ2-5,368,0.00507467
PT-001,Product,CR,7,PT-001_CLN_00007,CINEITGPPDMNGIVF,TRBV18,TRBJ1-5,239,0.00329578
PT-001,Product,CR,8,PT-001_CLN_00008,CWMWNDKGQWESRWEWIF,TRBV15,TRBJ2-4,185,0.00255113
PT-001,Product,CR,9,PT-001_CLN_00009,CEWFQHPQDVWDRIAF,TRBV30,TRBJ2-3,128,0.0017651
PT-001,Product,CR,10,PT-001_CLN_00010,CLGIVHPSSGGAHPVVF,TRBV27,TRBJ1-1,107,0.00147552
PT-001,Product,CR,11,PT-001_CLN_00012,CTFFEPFKRYCSKF,TRBV27,TRBJ2-5,83,0.00114456
PT-001,Product,CR,12,PT-001_CLN_00011,CNWDLLAMRNGATFHHLF,TRBV12-3,TRBJ2-5,78,0.00107561
PT-001,Product,CR,13,PT-001_CLN_00013,CAYGTQPDYSAILF,TRBV20-1,TRBJ2-3,77,0.00106182
PT-001,Product,CR,14,PT-001_CLN_00014,CMYQMNPTSAIFMNSF,TRBV9,TRBJ1-6,54,0.00074465
PT-001,Product,CR,15,PT-001_CLN_00015,CEDHTTKCHSMSKKF,TRBV24-1,TRBJ1-2,52,0.00071707
PT-001,Product,CR,16,PT-001_CLN_00017,CRPEDYWYTKHDVVATIF,TRBV9,TRBJ1-4,47,0.00064812
PT-001,Product,CR,17,PT-001_CLN_00020,CLLVYFKPKWPDAIMRF,TRBV7-2,TRBJ1-4,47,0.00064812
PT-001,Product,CR,18,PT-001_CLN_00018,CNVCFPTYDHHFF,TRBV14,TRBJ2-7,41,0.00056538
PT-001,Product,CR,19,PT-001_CLN_00025,CIQFDCVRYPELFKF,TRBV6-5,TRBJ1-5,38,0.00052402
PT-001,Product,CR,20,PT-001_CLN_00035,CWRQCEGVMCTWNYCQF,TRBV12-3,TRBJ1-3,35,0.00048265
PT-002,Apheresis,CR,1,PT-002_CLN_00001,CGETAKFIEEHNF,TRBV13,TRBJ1-5,8886,0.08363609
PT-002,Apheresis,CR,2,PT-002_CLN_00002,CCVSRPDDMYIDWEDKAF,TRBV24-1,TRBJ2-7,3870,0.0364249
PT-002,Apheresis,CR,3,PT-002_CLN_00003,CNTLAAETAPMMFGHDF,TRBV29-1,TRBJ2-4,2384,0.02243849
PT-002,Apheresis,CR,4,PT-002_CLN_00004,CTFMHPKIAVHQWF,TRBV14,TRBJ1-1,1691,0.01591589
PT-002,Apheresis,CR,5,PT-002_CLN_00005,CRLSVACFECDRKRAKQF,TRBV30,TRBJ1-3,1289,0.01213222
PT-002,Apheresis,CR,6,PT-002_CLN_00006,CFHCGKYDRDNDNDTGF,TRBV18,TRBJ1-4,1039,0.00977919
PT-002,Apheresis,CR,7,PT-002_CLN_00007,CAKHWYGYACFGIYHFF,TRBV12-3,TRBJ1-5,868,0.00816972
PT-002,Apheresis,CR,8,PT-002_CLN_00008,CMGKYFQNVGKWSF,TRBV9,TRBJ2-2,738,0.00694614
PT-002,Apheresis,CR,9,PT-002_CLN_00009,CTFVDKWSEGKSLF,TRBV9,TRBJ2-7,644,0.0060614
PT-002,Apheresis,CR,10,PT-002_CLN_00010,CMPDIHFLANDCKF,TRBV20-1,TRBJ1-1,565,0.00531785
PT-002,Apheresis,CR,11,PT-002_CLN_00011,CYDFSFMCPICYDRRF,TRBV11-2,TRBJ2-5,503,0.0047343
PT-002,Apheresis,CR,12,PT-002_CLN_00012,CCLQVRFCGFYNGF,TRBV12-3,TRBJ2-7,457,0.00430134
PT-002,Apheresis,CR,13,PT-002_CLN_00013,CRGNPEMPGQSF,TRBV14,TRBJ2-2,417,0.00392485
PT-002,Apheresis,CR,14,PT-002_CLN_00014,CHLEWLTDSCIF,TRBV25-1,TRBJ1-6,380,0.00357661
PT-002,Apheresis,CR,15,PT-002_CLN_00015,CRFGYCKDRFSHHCF,TRBV11-2,TRBJ2-4,350,0.00329424
PT-002,Apheresis,CR,16,PT-002_CLN_00016,CAPCCRPDMAMMQCCF,TRBV20-1,TRBJ1-1,319,0.00300247
PT-002,Apheresis,CR,17,PT-002_CLN_00017,CYNWKIRCQLDWQAFFNF,TRBV12-4,TRBJ2-7,301,0.00283305
PT-002,Apheresis,CR,18,PT-002_CLN_00018,CEACIQEGSTMF,TRBV5-1,TRBJ2-2,283,0.00266363
PT-002,Apheresis,CR,19,PT-002_CLN_00019,CNGTTGCFFICEPPGLF,TRBV25-1,TRBJ2-7,264,0.0024848
PT-002,Apheresis,CR,20,PT-002_CLN_00020,CVQCTNPYYAISF,TRBV13,TRBJ2-4,253,0.00238127
PT-002,Product,CR,1,PT-002_CLN_00001,CGETAKFIEEHNF,TRBV13,TRBJ1-5,43686,0.54817864
PT-002,Product,CR,2,PT-002_CLN_00002,CCVSRPDDMYIDWEDKAF,TRBV24-1,TRBJ2-7,7746,0.097198
PT-002,Product,CR,3,PT-002_CLN_00003,CNTLAAETAPMMFGHDF,TRBV29-1,TRBJ2-4,2826,0.03546108
PT-002,Product,CR,4,PT-002_CLN_00004,CTFMHPKIAVHQWF,TRBV14,TRBJ1-1,1392,0.01746703
PT-002,Product,CR,5,PT-002_CLN_00005,CRLSVACFECDRKRAKQF,TRBV30,TRBJ1-3,795,0.00997578
PT-002,Product,CR,6,PT-002_CLN_00006,CFHCGKYDRDNDNDTGF,TRBV18,TRBJ1-4,514,0.00644975
PT-002,Product,CR,7,PT-002_CLN_00007,CAKHWYGYACFGIYHFF,TRBV12-3,TRBJ1-5,361,0.00452988
PT-002,Product,CR,8,PT-002_CLN_00008,CMGKYFQNVGKWSF,TRBV9,TRBJ2-2,277,0.00347584
PT-002,Product,CR,9,PT-002_CLN_00009,CTFVDKWSEGKSLF,TRBV9,TRBJ2-7,185,0.00232141
PT-002,Product,CR,10,PT-002_CLN_00010,CMPDIHFLANDCKF,TRBV20-1,TRBJ1-1,172,0.00215828
PT-002,Product,CR,11,PT-002_CLN_00012,CCLQVRFCGFYNGF,TRBV12-3,TRBJ2-7,113,0.00141794
PT-002,Product,CR,12,PT-002_CLN_00011,CYDFSFMCPICYDRRF,TRBV11-2,TRBJ2-5,112,0.00140539
PT-002,Product,CR,13,PT-002_CLN_00013,CRGNPEMPGQSF,TRBV14,TRBJ2-2,110,0.0013803
PT-002,Product,CR,14,PT-002_CLN_00014,CHLEWLTDSCIF,TRBV25-1,TRBJ1-6,82,0.00102895
PT-002,Product,CR,15,PT-002_CLN_00021,CNSQNHTNHHGF,TRBV12-3,TRBJ2-4,65,0.00081563
PT-002,Product,CR,16,PT-002_CLN_00016,CAPCCRPDMAMMQCCF,TRBV20-1,TRBJ1-1,64,0.00080308
PT-002,Product,CR,17,PT-002_CLN_00017,CYNWKIRCQLDWQAFFNF,TRBV12-4,TRBJ2-7,63,0.00079053
PT-002,Product,CR,18,PT-002_CLN_00023,CAAKSKVNQPDTF,TRBV20-1,TRBJ2-1,60,0.00075289
PT-002,Product,CR,19,PT-002_CLN_00015,CRFGYCKDRFSHHCF,TRBV11-2,TRBJ2-4,57,0.00071524
PT-002,Product,CR,20,PT-002_CLN_00022,CGGPNDGEMMTCF,TRBV11-2,TRBJ2-5,56,0.0007027
PT-003,Apheresis,PR,1,PT-003_CLN_00001,CATSWRLEDLDF,TRBV15,TRBJ2-3,11340,0.09377016
PT-003,Apheresis,PR,2,PT-003_CLN_00002,CYIVFYYFTEQNSF,TRBV10-3,TRBJ2-5,4932,0.04078258
PT-003,Apheresis,PR,3,PT-003_CLN_00003,CCDKFSPYFYFFKFF,TRBV7-9,TRBJ1-3,3037,0.02511287
PT-003,Apheresis,PR,4,PT-003_CLN_00004,CCCCPYVLNFNCF,TRBV29-1,TRBJ1-2,2151,0.01778656
PT-003,Apheresis,PR,5,PT-003_CLN_00005,CDTKYFYFHMATTFSF,TRBV18,TRBJ2-7,1647,0.013619
PT-003,Apheresis,PR,6,PT-003_CLN_00006,CHREDKWMWDKKMSWF,TRBV14,TRBJ2-1,1329,0.01098947
PT-003,Apheresis,PR,7,PT-003_CLN_00007,CEEFDHSQFSHLQKYRRF,TRBV27,TRBJ1-2,1103,0.00912068
PT-003,Apheresis,PR,8,PT-003_CLN_00008,CNPKSGQVHGMVF,TRBV28,TRBJ1-5,941,0.0077811
PT-003,Apheresis,PR,9,PT-003_CLN_00009,CCKQYDVSWVYQCFSF,TRBV30,TRBJ1-6,813,0.00672268
PT-003,Apheresis,PR,10,PT-003_CLN_00010,CAWLRVQKFPHDNF,TRBV27,TRBJ1-4,718,0.00593712
PT-003,Apheresis,PR,11,PT-003_CLN_00011,CHWEKNAWWFHIREF,TRBV9,TRBJ2-5,641,0.00530041
PT-003,Apheresis,PR,12,PT-003_CLN_00012,CEPIKMFDCVGQPLF,TRBV7-9,TRBJ2-3,578,0.00477947
PT-003,Apheresis,PR,13,PT-003_CLN_00013,CDNNHNAYIKPYNQF,TRBV10-3,TRBJ2-5,531,0.00439082
PT-003,Apheresis,PR,14,PT-003_CLN_00014,CVTENAERNCMWLNRVMF,TRBV14,TRBJ1-5,483,0.00399391
PT-003,Apheresis,PR,15,PT-003_CLN_00015,CERAECWNAHMPYSHTDF,TRBV18,TRBJ2-5,448,0.0037045
PT-003,Apheresis,PR,16,PT-003_CLN_00016,CQLFDDWLKTRDGHF,TRBV28,TRBJ2-1,407,0.00336547
PT-003,Apheresis,PR,17,PT-003_CLN_00017,CHEFKDGVMTNGF,TRBV29-1,TRBJ1-4,382,0.00315875
PT-003,Apheresis,PR,18,PT-003_CLN_00018,CQPNANTGGCPMKYVF,TRBV14,TRBJ1-3,356,0.00294375
PT-003,Apheresis,PR,19,PT-003_CLN_00019,CEYMYDLVLKPF,TRBV7-2,TRBJ1-3,341,0.00281972
PT-003,Apheresis,PR,20,PT-003_CLN_00020,CWYIMCCRMPMDRFKF,TRBV11-2,TRBJ1-6,322,0.00266261
PT-003,Product,PR,1,PT-003_CLN_00001,CATSWRLEDLDF,TRBV15,TRBJ2-3,45212,0.45612938
PT-003,Product,PR,2,PT-003_CLN_00002,CYIVFYYFTEQNSF,TRBV10-3,TRBJ2-5,11317,0.11417359
PT-003,Product,PR,3,PT-003_CLN_00003,CCDKFSPYFYFFKFF,TRBV7-9,TRBJ1-3,5068,0.05112943
PT-003,Product,PR,4,PT-003_CLN_00004,CCCCPYVLNFNCF,TRBV29-1,TRBJ1-2,2866,0.02891416
PT-003,Product,PR,5,PT-003_CLN_00005,CDTKYFYFHMATTFSF,TRBV18,TRBJ2-7,1831,0.01847237
PT-003,Product,PR,6,PT-003_CLN_00006,CHREDKWMWDKKMSWF,TRBV14,TRBJ2-1,1258,0.01269156
PT-003,Product,PR,7,PT-003_CLN_00007,CEEFDHSQFSHLQKYRRF,TRBV27,TRBJ1-2,924,0.00932194
PT-003,Product,PR,8,PT-003_CLN_00008,CNPKSGQVHGMVF,TRBV28,TRBJ1-5,735,0.00741518
PT-003,Product,PR,9,PT-003_CLN_00009,CCKQYDVSWVYQCFSF,TRBV30,TRBJ1-6,561,0.00565975
PT-003,Product,PR,10,PT-003_CLN_00010,CAWLRVQKFPHDNF,TRBV27,TRBJ1-4,462,0.00466097
PT-003,Product,PR,11,PT-003_CLN_00011,CHWEKNAWWFHIREF,TRBV9,TRBJ2-5,381,0.00384379
PT-003,Product,PR,12,PT-003_CLN_00012,CEPIKMFDCVGQPLF,TRBV7-9,TRBJ2-3,335,0.00337971
PT-003,Product,PR,13,PT-003_CLN_00013,CDNNHNAYIKPYNQF,TRBV10-3,TRBJ2-5,279,0.00281474
PT-003,Product,PR,14,PT-003_CLN_00014,CVTENAERNCMWLNRVMF,TRBV14,TRBJ1-5,267,0.00269368
PT-003,Product,PR,15,PT-003_CLN_00015,CERAECWNAHMPYSHTDF,TRBV18,TRBJ2-5,234,0.00236075
PT-003,Product,PR,16,PT-003_CLN_00016,CQLFDDWLKTRDGHF,TRBV28,TRBJ2-1,201,0.00202782
PT-003,Product,PR,17,PT-003_CLN_00018,CQPNANTGGCPMKYVF,TRBV14,TRBJ1-3,173,0.00174534
PT-003,Product,PR,18,PT-003_CLN_00017,CHEFKDGVMTNGF,TRBV29-1,TRBJ1-4,160,0.00161419
PT-003,Product,PR,19,PT-003_CLN_00020,CWYIMCCRMPMDRFKF,TRBV11-2,TRBJ1-6,152,0.00153348
PT-003,Product,PR,20,PT-003_CLN_00019,CEYMYDLVLKPF,TRBV7-2,TRBJ1-3,145,0.00146286
PT-004,Apheresis,PR,1,PT-004_CLN_00001,CFRRLHNRLDRMLPHVF,TRBV12-4,TRBJ1-6,11294,0.08951415
PT-004,Apheresis,PR,2,PT-004_CLN_00002,CIWPELFICCDWIAPQF,TRBV28,TRBJ2-7,4916,0.0389633
PT-004,Apheresis,PR,3,PT-004_CLN_00003,CEEPRNAWTFQF,TRBV15,TRBJ2-5,3029,0.02400729
PT-004,Apheresis,PR,4,PT-004_CLN_00004,CQVMRSVDKAIPLVAMEF,TRBV19,TRBJ2-3,2142,0.01697709
PT-004,Apheresis,PR,5,PT-004_CLN_00005,CQCYINRKCPYAF,TRBV24-1,TRBJ1-2,1641,0.01300626
PT-004,Apheresis,PR,6,PT-004_CLN_00006,CKNIHRRFTDFNNVNF,TRBV14,TRBJ1-2,1319,0.01045415
PT-004,Apheresis,PR,7,PT-004_CLN_00007,CGRPLIFLLKWGRPNQF,TRBV13,TRBJ1-2,1101,0.00872632
PT-004,Apheresis,PR,8,PT-004_CLN_00008,CPSWNFWNPLHKF,TRBV25-1,TRBJ2-4,937,0.00742649
PT-004,Apheresis,PR,9,PT-004_CLN_00009,CHKHVPDISGSKLLWLTF,TRBV7-9,TRBJ2-7,814,0.00645161
PT-004,Apheresis,PR,10,PT-004_CLN_00010,CVMQRWYFHKLIDGF,TRBV20-1,TRBJ1-1,715,0.00566696
PT-004,Apheresis,PR,11,PT-004_CLN_00011,CIRGVMATSPYWDCRF,TRBV12-4,TRBJ2-4,645,0.00511215
PT-004,Apheresis,PR,12,PT-004_CLN_00012,CRKNQPFTWPWLGNSNFF,TRBV11-2,TRBJ1-3,573,0.00454149
PT-004,Apheresis,PR,13,PT-004_CLN_00013,CHRFTELRAFSAF,TRBV12-3,TRBJ2-5,526,0.00416898
PT-004,Apheresis,PR,14,PT-004_CLN_00014,CVRNWYFIALYMSWLCF,TRBV7-9,TRBJ2-4,484,0.00383609
PT-004,Apheresis,PR,15,PT-004_CLN_00015,CMKFIHCTDWCNF,TRBV5-1,TRBJ1-6,448,0.00355076
PT-004,Apheresis,PR,16,PT-004_CLN_00016,CCSMVDGYNVVF,TRBV18,TRBJ1-2,412,0.00326544
PT-004,Apheresis,PR,17,PT-004_CLN_00017,CIRVNDYTNSCF,TRBV30,TRBJ2-2,382,0.00302766
PT-004,Apheresis,PR,18,PT-004_CLN_00018,CMFSQWQFRLPSVCDF,TRBV11-2,TRBJ1-6,358,0.00283744
PT-004,Apheresis,PR,19,PT-004_CLN_00019,CPWIAIDVASVRTDWSQF,TRBV13,TRBJ1-5,339,0.00268685
PT-004,Apheresis,PR,20,PT-004_CLN_00020,CHIPRPNFNWLFKHCQF,TRBV11-2,TRBJ2-1,318,0.00252041
PT-004,Product,PR,1,PT-004_CLN_00001,CFRRLHNRLDRMLPHVF,TRBV12-4,TRBJ1-6,17897,0.34535525
PT-004,Product,PR,2,PT-004_CLN_00002,CIWPELFICCDWIAPQF,TRBV28,TRBJ2-7,4474,0.08633399
PT-004,Product,PR,3,PT-004_CLN_00003,CEEPRNAWTFQF,TRBV15,TRBJ2-5,1991,0.03841998
PT-004,Product,PR,4,PT-004_CLN_00004,CQVMRSVDKAIPLVAMEF,TRBV19,TRBJ2-3,1124,0.02168963
PT-004,Product,PR,5,PT-004_CLN_00005,CQCYINRKCPYAF,TRBV24-1,TRBJ1-2,721,0.01391301
PT-004,Product,PR,6,PT-004_CLN_00006,CKNIHRRFTDFNNVNF,TRBV14,TRBJ1-2,515,0.00993786
PT-004,Product,PR,7,PT-004_CLN_00007,CGRPLIFLLKWGRPNQF,TRBV13,TRBJ1-2,369,0.00712053
PT-004,Product,PR,8,PT-004_CLN_00008,CPSWNFWNPLHKF,TRBV25-1,TRBJ2-4,290,0.00559608
PT-004,Product,PR,9,PT-004_CLN_00009,CHKHVPDISGSKLLWLTF,TRBV7-9,TRBJ2-7,223,0.00430319
PT-004,Product,PR,10,PT-004_CLN_00010,CVMQRWYFHKLIDGF,TRBV20-1,TRBJ1-1,194,0.00374358
PT-004,Product,PR,11,PT-004_CLN_00011,CIRGVMATSPYWDCRF,TRBV12-4,TRBJ2-4,155,0.00299101
PT-004,Product,PR,12,PT-004_CLN_00012,CRKNQPFTWPWLGNSNFF,TRBV11-2,TRBJ1-3,131,0.00252788
PT-004,Product,PR,13,PT-004_CLN_00013,CHRFTELRAFSAF,TRBV12-3,TRBJ2-5,109,0.00210335
PT-004,Product,PR,14,PT-004_CLN_00014,CVRNWYFIALYMSWLCF,TRBV7-9,TRBJ2-4,104,0.00200687
PT-004,Product,PR,15,PT-004_CLN_00016,CCSMVDGYNVVF,TRBV18,TRBJ1-2,84,0.00162093
PT-004,Product,PR,16,PT-004_CLN_00015,CMKFIHCTDWCNF,TRBV5-1,TRBJ1-6,80,0.00154375
PT-004,Product,PR,17,PT-004_CLN_00018,CMFSQWQFRLPSVCDF,TRBV11-2,TRBJ1-6,70,0.00135078
PT-004,Product,PR,18,PT-004_CLN_00017,CIRVNDYTNSCF,TRBV30,TRBJ2-2,66,0.00127359
PT-004,Product,PR,19,PT-004_CLN_00019,CPWIAIDVASVRTDWSQF,TRBV13,TRBJ1-5,66,0.00127359
PT-004,Product,PR,20,PT-004_CLN_00020,CHIPRPNFNWLFKHCQF,TRBV11-2,TRBJ2-1,62,0.0011964
PT-005,Apheresis,PD,1,PT-005_CLN_00001,CHKMLADMQWMF,TRBV20-1,TRBJ1-1,14970,0.10371633
PT-005,Apheresis,PD,2,PT-005_CLN_00002,CCLWQFQTEPARF,TRBV11-2,TRBJ1-6,6515,0.04513773
PT-005,Apheresis,PD,3,PT-005_CLN_00003,CPPQQDYPNWNIDF,TRBV30,TRBJ1-4,4016,0.02782397
PT-005,Apheresis,PD,4,PT-005_CLN_00004,CKSVSWCEFYWWMF,TRBV12-3,TRBJ1-5,2848,0.01973174
PT-005,Apheresis,PD,5,PT-005_CLN_00005,CLDYMDHSMYATCWRARF,TRBV6-5,TRBJ2-1,2182,0.0151175
PT-005,Apheresis,PD,6,PT-005_CLN_00006,CQKTKWFLPYSCNLNLTF,TRBV20-1,TRBJ2-5,1756,0.01216606
PT-005,Apheresis,PD,7,PT-005_CLN_00007,CPLDWHLLSGHTVKF,TRBV30,TRBJ2-7,1457,0.0100945
PT-005,Apheresis,PD,8,PT-005_CLN_00008,CYRGGERTGLEPGWCAF,TRBV25-1,TRBJ2-7,1248,0.00864649
PT-005,Apheresis,PD,9,PT-005_CLN_00009,CRRMMYDGWVEAYKIMF,TRBV10-3,TRBJ1-1,1075,0.0074479
PT-005,Apheresis,PD,10,PT-005_CLN_00010,CVRCQIHESMFHQEEHLF,TRBV6-5,TRBJ1-4,946,0.00655415
PT-005,Apheresis,PD,11,PT-005_CLN_00011,CMRKHDILTHAFPF,TRBV12-4,TRBJ1-2,848,0.00587518
PT-005,Apheresis,PD,12,PT-005_CLN_00012,CAYLMRWKDALCTMRQF,TRBV12-4,TRBJ2-2,771,0.0053417
PT-005,Apheresis,PD,13,PT-005_CLN_00013,CRRRNDIRFMALDEQNF,TRBV28,TRBJ2-7,697,0.00482901
PT-005,Apheresis,PD,14,PT-005_CLN_00014,CEDRSYCSFYYSMF,TRBV14,TRBJ2-4,640,0.0044341
PT-005,Apheresis,PD,15,PT-005_CLN_00015,CYAVLVVASNCSF,TRBV24-1,TRBJ2-7,581,0.00402533
PT-005,Apheresis,PD,16,PT-005_CLN_00016,CPLVRSENVPRF,TRBV18,TRBJ1-2,551,0.00381748
PT-005,Apheresis,PD,17,PT-005_CLN_00017,CWIKYDRTEGVF,TRBV13,TRBJ1-3,500,0.00346414
PT-005,Apheresis,PD,18,PT-005_CLN_00018,CMYFQMLVFAYIQF,TRBV24-1,TRBJ2-4,480,0.00332557
PT-005,Apheresis,PD,19,PT-005_CLN_00019,CRTAWDQPHNNVF,TRBV11-2,TRBJ1-5,441,0.00305537
PT-005,Apheresis,PD,20,PT-005_CLN_00020,CCPMECGKRSRF,TRBV19,TRBJ2-2,417,0.00288909
PT-005,Product,PD,1,PT-005_CLN_00001,CHKMLADMQWMF,TRBV20-1,TRBJ1-1,17351,0.28553327
PT-005,Product,PD,2,PT-005_CLN_00002,CCLWQFQTEPARF,TRBV11-2,TRBJ1-6,6142,0.1010746
PT-005,Product,PD,3,PT-005_CLN_00003,CPPQQDYPNWNIDF,TRBV30,TRBJ1-4,3349,0.05511215
PT-005,Product,PD,4,PT-005_CLN_00004,CKSVSWCEFYWWMF,TRBV12-3,TRBJ1-5,2176,0.03580891
PT-005,Product,PD,5,PT-005_CLN_00005,CLDYMDHSMYATCWRARF,TRBV6-5,TRBJ2-1,1561,0.02568828
PT-005,Product,PD,6,PT-005_CLN_00006,CQKTKWFLPYSCNLNLTF,TRBV20-1,TRBJ2-5,1196,0.01968174
PT-005,Product,PD,7,PT-005_CLN_00007,CPLDWHLLSGHTVKF,TRBV30,TRBJ2-7,948,0.01560057
PT-005,Product,PD,8,PT-005_CLN_00008,CYRGGERTGLEPGWCAF,TRBV25-1,TRBJ2-7,781,0.01285237
PT-005,Product,PD,9,PT-005_CLN_00009,CRRMMYDGWVEAYKIMF,TRBV10-3,TRBJ1-1,658,0.01082825
PT-005,Product,PD,10,PT-005_CLN_00010,CVRCQIHESMFHQEEHLF,TRBV6-5,TRBJ1-4,556,0.0091497
PT-005,Product,PD,11,PT-005_CLN_00011,CMRKHDILTHAFPF,TRBV12-4,TRBJ1-2,489,0.00804713
PT-005,Product,PD,12,PT-005_CLN_00012,CAYLMRWKDALCTMRQF,TRBV12-4,TRBJ2-2,429,0.00705975
PT-005,Product,PD,13,PT-005_CLN_00013,CRRRNDIRFMALDEQNF,TRBV28,TRBJ2-7,373,0.0061382
PT-005,Product,PD,14,PT-005_CLN_00014,CEDRSYCSFYYSMF,TRBV14,TRBJ2-4,343,0.00564451
PT-005,Product,PD,15,PT-005_CLN_00015,CYAVLVVASNCSF,TRBV24-1,TRBJ2-7,314,0.00516728
PT-005,Product,PD,16,PT-005_CLN_00016,CPLVRSENVPRF,TRBV18,TRBJ1-2,276,0.00454194
PT-005,Product,PD,17,PT-005_CLN_00017,CWIKYDRTEGVF,TRBV13,TRBJ1-3,249,0.00409762
PT-005,Product,PD,18,PT-005_CLN_00018,CMYFQMLVFAYIQF,TRBV24-1,TRBJ2-4,241,0.00396597
PT-005,Product,PD,19,PT-005_CLN_00019,CRTAWDQPHNNVF,TRBV11-2,TRBJ1-5,219,0.00360393
PT-005,Product,PD,20,PT-005_CLN_00020,CCPMECGKRSRF,TRBV19,TRBJ2-2,202,0.00332417
PT-006,Apheresis,PD,1,PT-006_CLN_00001,CTGDDMHPKHQEKTMRF,TRBV29-1,TRBJ1-5,12413,0.10962546
PT-006,Apheresis,PD,2,PT-006_CLN_00002,CYLYVQVEGHYAF,TRBV19,TRBJ1-3,5408,0.04776077
PT-006,Apheresis,PD,3,PT-006_CLN_00003,CHHNNLNHECILSHF,TRBV28,TRBJ2-7,3322,0.02933826
PT-006,Apheresis,PD,4,PT-006_CLN_00004,CQTVHIHYAASRGTVSQF,TRBV20-1,TRBJ2-1,2352,0.0207717
PT-006,Apheresis,PD,5,PT-006_CLN_00005,CLQYYRAEMCRQPMGRF,TRBV24-1,TRBJ1-4,1801,0.01590554
PT-006,Apheresis,PD,6,PT-006_CLN_00006,CDKQEWNWWMDF,TRBV10-3,TRBJ1-2,1446,0.01277035
PT-006,Apheresis,PD,7,PT-006_CLN_00007,CVDKIYKPVAIVF,TRBV7-2,TRBJ1-3,1204,0.01063313
PT-006,Apheresis,PD,8,PT-006_CLN_00008,CWLHNIPQDHTF,TRBV18,TRBJ2-5,1028,0.00907879
PT-006,Apheresis,PD,9,PT-006_CLN_00009,CPSHLNTWYLNSKYMGWF,TRBV30,TRBJ1-1,900,0.00794835
PT-006,Apheresis,PD,10,PT-006_CLN_00010,CHYTICQGVGEPF,TRBV12-3,TRBJ2-5,791,0.00698572
PT-006,Apheresis,PD,11,PT-006_CLN_00011,CFLWMNYKQDCHAF,TRBV18,TRBJ2-5,703,0.00620855
PT-006,Apheresis,PD,12,PT-006_CLN_00012,CSSSHMIMHSVF,TRBV10-3,TRBJ2-4,634,0.00559917
PT-006,Apheresis,PD,13,PT-006_CLN_00013,CNLAWWGDITMLRF,TRBV29-1,TRBJ2-4,575,0.00507811
PT-006,Apheresis,PD,14,PT-006_CLN_00014,CCHSQTWNVTGHF,TRBV10-3,TRBJ2-3,532,0.00469836
PT-006,Apheresis,PD,15,PT-006_CLN_00015,CMVFCIRPYYDF,TRBV19,TRBJ1-4,493,0.00435393
PT-006,Apheresis,PD,16,PT-006_CLN_00016,CNFFICSNNVCHYQLHF,TRBV10-3,TRBJ2-5,447,0.00394768
PT-006,Apheresis,PD,17,PT-006_CLN_00017,CRASQETHQVEEGDF,TRBV6-5,TRBJ2-1,419,0.0037004
PT-006,Apheresis,PD,18,PT-006_CLN_00018,CITDFYYRRRTAF,TRBV20-1,TRBJ1-5,388,0.00342662
PT-006,Apheresis,PD,19,PT-006_CLN_00019,CKHVMKCADNLSF,TRBV9,TRBJ2-4,364,0.00321467
PT-006,Apheresis,PD,20,PT-006_CLN_00020,CDWDAEPGALVINHWF,TRBV29-1,TRBJ1-4,353,0.00311752
PT-006,Product,PD,1,PT-006_CLN_00001,CTGDDMHPKHQEKTMRF,TRBV29-1,TRBJ1-5,13804,0.24879244
PT-006,Product,PD,2,PT-006_CLN_00002,CYLYVQVEGHYAF,TRBV19,TRBJ1-3,4882,0.08798933
PT-006,Product,PD,3,PT-006_CLN_00003,CHHNNLNHECILSHF,TRBV28,TRBJ2-7,2668,0.04808593
PT-006,Product,PD,4,PT-006_CLN_00004,CQTVHIHYAASRGTVSQF,TRBV20-1,TRBJ2-1,1733,0.03123423
PT-006,Product,PD,5,PT-006_CLN_00005,CLQYYRAEMCRQPMGRF,TRBV24-1,TRBJ1-4,1244,0.02242088
PT-006,Product,PD,6,PT-006_CLN_00006,CDKQEWNWWMDF,TRBV10-3,TRBJ1-2,942,0.01697787
PT-006,Product,PD,7,PT-006_CLN_00007,CVDKIYKPVAIVF,TRBV7-2,TRBJ1-3,750,0.01351741
PT-006,Product,PD,8,PT-006_CLN_00008,CWLHNIPQDHTF,TRBV18,TRBJ2-5,614,0.01106625
PT-006,Product,PD,9,PT-006_CLN_00009,CPSHLNTWYLNSKYMGWF,TRBV30,TRBJ1-1,520,0.00937207
PT-006,Product,PD,10,PT-006_CLN_00010,CHYTICQGVGEPF,TRBV12-3,TRBJ2-5,449,0.00809242
PT-006,Product,PD,11,PT-006_CLN_00011,CFLWMNYKQDCHAF,TRBV18,TRBJ2-5,388,0.00699301
PT-006,Product,PD,12,PT-006_CLN_00012,CSSSHMIMHSVF,TRBV10-3,TRBJ2-4,334,0.00601975
PT-006,Product,PD,13,PT-006_CLN_00013,CNLAWWGDITMLRF,TRBV29-1,TRBJ2-4,301,0.00542499
PT-006,Product,PD,14,PT-006_CLN_00014,CCHSQTWNVTGHF,TRBV10-3,TRBJ2-3,266,0.00479417
PT-006,Product,PD,15,PT-006_CLN_00015,CMVFCIRPYYDF,TRBV19,TRBJ1-4,240,0.00432557
PT-006,Product,PD,16,PT-006_CLN_00016,CNFFICSNNVCHYQLHF,TRBV10-3,TRBJ2-5,228,0.00410929
PT-006,Product,PD,17,PT-006_CLN_00017,CRASQETHQVEEGDF,TRBV6-5,TRBJ2-1,206,0.00371278
PT-006,Product,PD,18,PT-006_CLN_00018,CITDFYYRRRTAF,TRBV20-1,TRBJ1-5,184,0.00331627
PT-006,Product,PD,19,PT-006_CLN_00019,CKHVMKCADNLSF,TRBV9,TRBJ2-4,178,0.00320813
PT-006,Product,PD,20,PT-006_CLN_00020,CDWDAEPGALVINHWF,TRBV29-1,TRBJ1-4,168,0.0030279
